Feature,Q1,Q3,IQR,Lower Bound,Upper Bound,Outlier Count,Outlier Percentage
Diabetes_binary,0.0,0.0,0.0,0.0,0.0,35346,13.9333
HighBP,0.0,1.0,1.0,-1.5,2.5,0,0.0
HighChol,0.0,1.0,1.0,-1.5,2.5,0,0.0
CholCheck,1.0,1.0,0.0,1.0,1.0,9470,3.733
BMI,24.0,31.0,7.0,13.5,41.5,9847,3.8817
Smoker,0.0,1.0,1.0,-1.5,2.5,0,0.0
Stroke,0.0,0.0,0.0,0.0,0.0,10292,4.0571
HeartDiseaseorAttack,0.0,0.0,0.0,0.0,0.0,23893,9.4186
PhysActivity,1.0,1.0,0.0,1.0,1.0,61760,24.3456
Fruits,0.0,1.0,1.0,-1.5,2.5,0,0.0
Veggies,1.0,1.0,0.0,1.0,1.0,47839,18.858
HvyAlcoholConsump,0.0,0.0,0.0,0.0,0.0,14256,5.6197
AnyHealthcare,1.0,1.0,0.0,1.0,1.0,12417,4.8947
NoDocbcCost,0.0,0.0,0.0,0.0,0.0,21354,8.4177
GenHlth,2.0,3.0,1.0,0.5,4.5,12081,4.7623
MentHlth,0.0,2.0,2.0,-3.0,5.0,36208,14.2731
PhysHlth,0.0,3.0,3.0,-4.5,7.5,40949,16.142
DiffWalk,0.0,0.0,0.0,0.0,0.0,42675,16.8224
Sex,0.0,1.0,1.0,-1.5,2.5,0,0.0
Age,6.0,10.0,4.0,0.0,16.0,0,0.0
Education,4.0,6.0,2.0,1.0,9.0,0,0.0
Income,5.0,8.0,3.0,0.5,12.5,0,0.0
