Feature 1,Feature 2,Correlation,Absolute Correlation
GenHlth,PhysHlth,0.5244,0.5244
PhysHlth,DiffWalk,0.4784,0.4784
GenHlth,DiffWalk,0.4569,0.4569
Education,Income,0.4491,0.4491
GenHlth,Income,-0.37,0.37
MentHlth,PhysHlth,0.3536,0.3536
HighBP,Age,0.3445,0.3445
DiffWalk,Income,-0.3201,0.3201
GenHlth,MentHlth,0.3017,0.3017
HighBP,GenHlth,0.3005,0.3005
HighBP,HighChol,0.2982,0.2982
Diabetes_binary,GenHlth,0.2936,0.2936
GenHlth,Education,-0.2849,0.2849
HighChol,Age,0.2723,0.2723
PhysHlth,Income,-0.2668,0.2668
PhysActivity,GenHlth,-0.2662,0.2662
Diabetes_binary,HighBP,0.2631,0.2631
HeartDiseaseorAttack,GenHlth,0.2584,0.2584
Fruits,Veggies,0.2543,0.2543
PhysActivity,DiffWalk,-0.2532,0.2532
BMI,GenHlth,0.2392,0.2392
MentHlth,DiffWalk,0.2337,0.2337
AnyHealthcare,NoDocbcCost,-0.2325,0.2325
HighBP,DiffWalk,0.2236,0.2236
HeartDiseaseorAttack,Age,0.2216,0.2216
PhysActivity,PhysHlth,-0.2192,0.2192
Diabetes_binary,DiffWalk,0.2183,0.2183
Diabetes_binary,BMI,0.2168,0.2168
HighBP,BMI,0.2137,0.2137
HeartDiseaseorAttack,DiffWalk,0.2127,0.2127
MentHlth,Income,-0.2098,0.2098
HighBP,HeartDiseaseorAttack,0.2094,0.2094
HighChol,GenHlth,0.2084,0.2084
DiffWalk,Age,0.2045,0.2045
NoDocbcCost,Income,-0.2032,0.2032
Stroke,HeartDiseaseorAttack,0.203,0.203
Diabetes_binary,HighChol,0.2003,0.2003
PhysActivity,Education,0.1997,0.1997
PhysActivity,Income,0.1985,0.1985
BMI,DiffWalk,0.1971,0.1971
DiffWalk,Education,-0.1926,0.1926
NoDocbcCost,MentHlth,0.1921,0.1921
HeartDiseaseorAttack,PhysHlth,0.1817,0.1817
HighChol,HeartDiseaseorAttack,0.1808,0.1808
Stroke,GenHlth,0.1779,0.1779
Diabetes_binary,Age,0.1774,0.1774
Diabetes_binary,HeartDiseaseorAttack,0.1773,0.1773
Stroke,DiffWalk,0.1766,0.1766
Diabetes_binary,PhysHlth,0.1713,0.1713
HighBP,Income,-0.1712,0.1712
NoDocbcCost,GenHlth,0.1664,0.1664
Diabetes_binary,Income,-0.1639,0.1639
Smoker,GenHlth,0.1631,0.1631
Smoker,Education,-0.162,0.162
HighBP,PhysHlth,0.1612,0.1612
AnyHealthcare,Income,0.158,0.158
PhysHlth,Education,-0.1551,0.1551
Veggies,Education,0.1543,0.1543
PhysActivity,Veggies,0.1531,0.1531
GenHlth,Age,0.1524,0.1524
Veggies,Income,0.1511,0.1511
NoDocbcCost,PhysHlth,0.149,0.149
Stroke,PhysHlth,0.1489,0.1489
BMI,PhysActivity,-0.1473,0.1473
HighChol,DiffWalk,0.1447,0.1447
PhysActivity,Fruits,0.1428,0.1428
HighBP,Education,-0.1414,0.1414
HeartDiseaseorAttack,Income,-0.141,0.141
AnyHealthcare,Age,0.138,0.138
HighBP,Stroke,0.1296,0.1296
Stroke,Income,-0.1286,0.1286
Age,Income,-0.1278,0.1278
Sex,Income,0.1271,0.1271
Stroke,Age,0.127,0.127
PhysActivity,MentHlth,-0.1256,0.1256
HighBP,PhysActivity,-0.1253,0.1253
Diabetes_binary,Education,-0.1245,0.1245
Smoker,Income,-0.1239,0.1239
Veggies,GenHlth,-0.1231,0.1231
AnyHealthcare,Education,0.1225,0.1225
Smoker,DiffWalk,0.1225,0.1225
HighChol,PhysHlth,0.1218,0.1218
BMI,PhysHlth,0.1211,0.1211
Smoker,Age,0.1206,0.1206
NoDocbcCost,Age,-0.1198,0.1198
NoDocbcCost,DiffWalk,0.1184,0.1184
Diabetes_binary,PhysActivity,-0.1181,0.1181
CholCheck,AnyHealthcare,0.1176,0.1176
Smoker,PhysHlth,0.1165,0.1165
Smoker,HeartDiseaseorAttack,0.1144,0.1144
Fruits,Education,0.1102,0.1102
HighChol,BMI,0.1067,0.1067
Diabetes_binary,Stroke,0.1058,0.1058
BMI,Education,-0.1039,0.1039
Fruits,GenHlth,-0.1039,0.1039
Age,Education,-0.1019,0.1019
MentHlth,Education,-0.1018,0.1018
Smoker,HvyAlcoholConsump,0.1016,0.1016
NoDocbcCost,Education,-0.1007,0.1007
BMI,Income,-0.1001,0.1001
HeartDiseaseorAttack,Education,-0.0996,0.0996
PhysHlth,Age,0.0991,0.0991
HighBP,CholCheck,0.0985,0.0985
HighBP,Smoker,0.097,0.097
Smoker,Sex,0.0937,0.0937
HighChol,Stroke,0.0926,0.0926
PhysActivity,Age,-0.0925,0.0925
Smoker,MentHlth,0.0922,0.0922
MentHlth,Age,-0.0921,0.0921
HighChol,Smoker,0.0913,0.0913
Fruits,Sex,-0.0912,0.0912
CholCheck,Age,0.0903,0.0903
BMI,Fruits,-0.0875,0.0875
Smoker,PhysActivity,-0.0874,0.0874
HeartDiseaseorAttack,PhysActivity,-0.0873,0.0873
HeartDiseaseorAttack,Sex,0.0861,0.0861
HighChol,CholCheck,0.0856,0.0856
HighChol,Income,-0.0855,0.0855
BMI,MentHlth,0.0853,0.0853
MentHlth,Sex,-0.0807,0.0807
Veggies,DiffWalk,-0.0805,0.0805
Fruits,Income,0.0799,0.0799
HighChol,PhysActivity,-0.078,0.078
Smoker,Fruits,-0.0777,0.0777
Stroke,Education,-0.076,0.076
HighChol,Education,-0.0708,0.0708
DiffWalk,Sex,-0.0703,0.0703
Stroke,MentHlth,0.0702,0.0702
Diabetes_binary,MentHlth,0.0693,0.0693
Stroke,PhysActivity,-0.0692,0.0692
Fruits,MentHlth,-0.0682,0.0682
Veggies,Sex,-0.0648,0.0648
Diabetes_binary,CholCheck,0.0648,0.0648
HeartDiseaseorAttack,MentHlth,0.0646,0.0646
Fruits,Age,0.0645,0.0645
Veggies,PhysHlth,-0.0643,0.0643
BMI,Veggies,-0.0623,0.0623
HighChol,MentHlth,0.0621,0.0621
PhysActivity,NoDocbcCost,-0.0616,0.0616
HighBP,Veggies,-0.0613,0.0613
Smoker,Stroke,0.0612,0.0612
Diabetes_binary,Smoker,0.0608,0.0608
Veggies,MentHlth,-0.0589,0.0589
CholCheck,NoDocbcCost,-0.0583,0.0583
BMI,NoDocbcCost,0.0582,0.0582
Diabetes_binary,HvyAlcoholConsump,-0.0571,0.0571
Diabetes_binary,Veggies,-0.0566,0.0566
HighBP,MentHlth,0.0565,0.0565
HvyAlcoholConsump,Income,0.0536,0.0536
BMI,HeartDiseaseorAttack,0.0529,0.0529
AnyHealthcare,MentHlth,-0.0527,0.0527
HighBP,Sex,0.0522,0.0522
Smoker,NoDocbcCost,0.0489,0.0489
BMI,HvyAlcoholConsump,-0.0487,0.0487
Fruits,DiffWalk,-0.0484,0.0484
CholCheck,GenHlth,0.0466,0.0466
NoDocbcCost,Sex,-0.0449,0.0449
Fruits,PhysHlth,-0.0446,0.0446
Fruits,NoDocbcCost,-0.0442,0.0442
CholCheck,HeartDiseaseorAttack,0.0442,0.0442
PhysHlth,Sex,-0.0431,0.0431
BMI,Sex,0.043,0.043
HighChol,AnyHealthcare,0.0422,0.0422
Stroke,Veggies,-0.0411,0.0411
HighChol,Fruits,-0.0409,0.0409
AnyHealthcare,GenHlth,-0.0408,0.0408
Diabetes_binary,Fruits,-0.0408,0.0408
CholCheck,DiffWalk,0.0406,0.0406
HighBP,Fruits,-0.0406,0.0406
HighChol,Veggies,-0.0399,0.0399
HeartDiseaseorAttack,Veggies,-0.0392,0.0392
HighBP,AnyHealthcare,0.0384,0.0384
HvyAlcoholConsump,DiffWalk,-0.0377,0.0377
HvyAlcoholConsump,GenHlth,-0.0367,0.0367
BMI,Age,-0.0366,0.0366
PhysActivity,AnyHealthcare,0.0355,0.0355
Fruits,HvyAlcoholConsump,-0.0353,0.0353
Stroke,NoDocbcCost,0.0348,0.0348
HvyAlcoholConsump,Age,-0.0346,0.0346
CholCheck,BMI,0.0345,0.0345
PhysActivity,Sex,0.0325,0.0325
Veggies,NoDocbcCost,-0.0322,0.0322
CholCheck,PhysHlth,0.0318,0.0318
Fruits,AnyHealthcare,0.0315,0.0315
Diabetes_binary,NoDocbcCost,0.0314,0.0314
Diabetes_binary,Sex,0.0314,0.0314
HighChol,Sex,0.0312,0.0312
HeartDiseaseorAttack,NoDocbcCost,0.031,0.031
Smoker,Veggies,-0.0307,0.0307
Veggies,AnyHealthcare,0.0296,0.0296
HeartDiseaseorAttack,HvyAlcoholConsump,-0.029,0.029
Sex,Age,-0.0273,0.0273
HvyAlcoholConsump,PhysHlth,-0.0264,0.0264
HvyAlcoholConsump,MentHlth,0.0247,0.0247
CholCheck,Stroke,0.0242,0.0242
HvyAlcoholConsump,Education,0.024,0.024
CholCheck,Fruits,0.0238,0.0238
CholCheck,HvyAlcoholConsump,-0.0237,0.0237
Smoker,AnyHealthcare,-0.0233,0.0233
CholCheck,Sex,-0.0221,0.0221
Veggies,HvyAlcoholConsump,0.0211,0.0211
BMI,Stroke,0.0202,0.0202
HeartDiseaseorAttack,Fruits,-0.0198,0.0198
Sex,Education,0.0195,0.0195
AnyHealthcare,Sex,-0.0194,0.0194
HeartDiseaseorAttack,AnyHealthcare,0.0187,0.0187
BMI,AnyHealthcare,-0.0185,0.0185
HighBP,NoDocbcCost,0.0174,0.0174
Stroke,HvyAlcoholConsump,-0.017,0.017
Diabetes_binary,AnyHealthcare,0.0163,0.0163
CholCheck,Income,0.0143,0.0143
BMI,Smoker,0.0138,0.0138
Stroke,Fruits,-0.0134,0.0134
HighChol,NoDocbcCost,0.0133,0.0133
PhysActivity,HvyAlcoholConsump,0.0124,0.0124
HighChol,HvyAlcoholConsump,-0.0115,0.0115
HvyAlcoholConsump,AnyHealthcare,-0.0105,0.0105
CholCheck,Smoker,-0.0099,0.0099
Veggies,Age,-0.0098,0.0098
Stroke,AnyHealthcare,0.0088,0.0088
CholCheck,MentHlth,-0.0084,0.0084
AnyHealthcare,PhysHlth,-0.0083,0.0083
AnyHealthcare,DiffWalk,0.0071,0.0071
CholCheck,Veggies,0.0061,0.0061
GenHlth,Sex,-0.0061,0.0061
HvyAlcoholConsump,Sex,0.0057,0.0057
HvyAlcoholConsump,NoDocbcCost,0.0047,0.0047
CholCheck,PhysActivity,0.0042,0.0042
HighBP,HvyAlcoholConsump,-0.004,0.004
Stroke,Sex,0.003,0.003
CholCheck,Education,0.0015,0.0015
